{"model":"binomial-glm","N":8,"n_post_iter":15000,"parameters":{"p":{"mean":0.599482,"sd":0.149073,"q2.5":0.294265,"q50":0.606014,"q97.5":0.863983}},"exact":{"p":{"posterior_dist":"Beta(6, 4)","mean":0.6,"sd":0.14771,"q2.5":0.299295,"q97.5":0.863004}}}
